{
    "name": "Prototype 1 met MakeCode",
    "description": "",
    "dependencies": {
        "device": "*",
        "arcade-character-animations": "github:microsoft/arcade-character-animations#a8548cac99b95c052849f109f016896259af73fd"
    },
    "files": [
        "main.blocks",
        "main.ts",
        "README.md",
        "assets.json"
    ],
    "testFiles": [
        "test.ts"
    ],
    "targetVersions": {
        "branch": "v1.4.45",
        "tag": "v1.4.45",
        "commits": "https://github.com/microsoft/pxt-arcade/commits/628e717e680e0728902ef3cc43347b23a3cb327b",
        "target": "1.8.26",
        "pxt": "6.12.27",
        "targetId": "arcade"
    },
    "supportedTargets": [
        "arcade"
    ],
    "preferredEditor": "blocksprj"
}
